010180-0008,010180-0016,010180-0024,010180-0032,010180-0040,010180-0059,010180-0067,010180-0075,010180-0083,010180-0091
020180-0005,020180-0013,020180-0021,020180-0048,020180-0056,020180-0064,020180-0072,020180-0080,020180-0099,020180-0102
030180-0002,030180-0010,030180-0029,030180-0037,030180-0045,030180-0053,030180-0061,030180-0088,030180-0096,030180-0118
040180-0018,040180-0026,040180-0034,040180-0042,040180-0050,040180-0069,040180-0077,040180-0085,040180-0093,040180-0107
050180-0007,050180-0015,050180-0023,050180-0031,050180-0058,050180-0066,050180-0074,050180-0082,050180-0090,050180-0104
060180-0004,060180-0012,060180-0020,060180-0039,060180-0047,060180-0055,060180-0063,060180-0071,060180-0098,060180-0101
070180-0001,070180-0028,070180-0036,070180-0044,070180-0052,070180-0060,070180-0079,070180-0087,070180-0095,070180-0109
080180-0009,080180-0017,080180-0025,080180-0033,080180-0041,080180-0068,080180-0076,080180-0084,080180-0092,080180-0106
090180-0006,090180-0014,090180-0022,090180-0030,090180-0049,090180-0057,090180-0065,090180-0073,090180-0081,090180-0103
100180-0007,100180-0015,100180-0023,100180-0031,100180-0058,100180-0066,100180-0074,100180-0082,100180-0090,100180-0104
110180-0004,110180-0012,110180-0020,110180-0039,110180-0047,110180-0055,110180-0063,110180-0071,110180-0098,110180-0101
120180-0001,120180-0028,120180-0036,120180-0044,120180-0052,120180-0060,120180-0079,120180-0087,120180-0095,120180-0109
130180-0009,130180-0017,130180-0025,130180-0033,130180-0041,130180-0068,130180-0076,130180-0084,130180-0092,130180-0106
140180-0006,140180-0014,140180-0022,140180-0030,140180-0049,140180-0057,140180-0065,140180-0073,140180-0081,140180-0103
150180-0003,150180-0011,150180-0038,150180-0046,150180-0054,150180-0062,150180-0070,150180-0089,150180-0097,150180-0100
160180-0000,160180-0019,160180-0027,160180-0035,160180-0043,160180-0051,160180-0078,160180-0086,160180-0094,160180-0108
170180-0008,170180-0016,170180-0024,170180-0032,170180-0040,170180-0059,170180-0067,170180-0075,170180-0083,170180-0091
180180-0005,180180-0013,180180-0021,180180-0048,180180-0056,180180-0064,180180-0072,180180-0080,180180-0099,180180-0102
190180-0002,190180-0010,190180-0029,190180-0037,190180-0045,190180-0053,190180-0061,190180-0088,190180-0096,190180-0118
200180-0003,200180-0011,200180-0038,200180-0046,200180-0054,200180-0062,200180-0070,200180-0089,200180-0097,200180-0100
210180-0000,210180-0019,210180-0027,210180-0035,210180-0043,210180-0051,210180-0078,210180-0086,210180-0094,210180-0108
220180-0008,220180-0016,220180-0024,220180-0032,220180-0040,220180-0059,220180-0067,220180-0075,220180-0083,220180-0091
230180-0005,230180-0013,230180-0021,230180-0048,230180-0056,230180-0064,230180-0072,230180-0080,230180-0099,230180-0102
240180-0002,240180-0010,240180-0029,240180-0037,240180-0045,240180-0053,240180-0061,240180-0088,240180-0096,240180-0118
250180-0018,250180-0026,250180-0034,250180-0042,250180-0050,250180-0069,250180-0077,250180-0085,250180-0093,250180-0107
260180-0007,260180-0015,260180-0023,260180-0031,260180-0058,260180-0066,260180-0074,260180-0082,260180-0090,260180-0104
270180-0004,270180-0012,270180-0020,270180-0039,270180-0047,270180-0055,270180-0063,270180-0071,270180-0098,270180-0101
280180-0001,280180-0028,280180-0036,280180-0044,280180-0052,280180-0060,280180-0079,280180-0087,280180-0095,280180-0109
290180-0009,290180-0017,290180-0025,290180-0033,290180-0041,290180-0068,290180-0076,290180-0084,290180-0092,290180-0106
300180-0018,300180-0026,300180-0034,300180-0042,300180-0050,300180-0069,300180-0077,300180-0085,300180-0093,300180-0107
310180-0007,310180-0015,310180-0023,310180-0031,310180-0058,310180-0066,310180-0074,310180-0082,310180-0090,310180-0104
010280-0001,010280-0028,010280-0036,010280-0044,010280-0052,010280-0060,010280-0079,010280-0087,010280-0095,010280-0109
020280-0009,020280-0017,020280-0025,020280-0033,020280-0041,020280-0068,020280-0076,020280-0084,020280-0092,020280-0106
030280-0006,030280-0014,030280-0022,030280-0030,030280-0049,030280-0057,030280-0065,030280-0073,030280-0081,030280-0103
040280-0003,040280-0011,040280-0038,040280-0046,040280-0054,040280-0062,040280-0070,040280-0089,040280-0097,040280-0100
050280-0000,050280-0019,050280-0027,050280-0035,050280-0043,050280-0051,050280-0078,050280-0086,050280-0094,050280-0108
060280-0008,060280-0016,060280-0024,060280-0032,060280-0040,060280-0059,060280-0067,060280-0075,060280-0083,060280-0091
070280-0005,070280-0013,070280-0021,070280-0048,070280-0056,070280-0064,070280-0072,070280-0080,070280-0099,070280-0102
080280-0002,080280-0010,080280-0029,080280-0037,080280-0045,080280-0053,080280-0061,080280-0088,080280-0096,080280-0118
090280-0018,090280-0026,090280-0034,090280-0042,090280-0050,090280-0069,090280-0077,090280-0085,090280-0093,090280-0107
100280-0000,100280-0019,100280-0027,100280-0035,100280-0043,100280-0051,100280-0078,100280-0086,100280-0094,100280-0108
110280-0008,110280-0016,110280-0024,110280-0032,110280-0040,110280-0059,110280-0067,110280-0075,110280-0083,110280-0091
120280-0005,120280-0013,120280-0021,120280-0048,120280-0056,120280-0064,120280-0072,120280-0080,120280-0099,120280-0102
130280-0002,130280-0010,130280-0029,130280-0037,130280-0045,130280-0053,130280-0061,130280-0088,130280-0096,130280-0118
140280-0018,140280-0026,140280-0034,140280-0042,140280-0050,140280-0069,140280-0077,140280-0085,140280-0093,140280-0107
150280-0007,150280-0015,150280-0023,150280-0031,150280-0058,150280-0066,150280-0074,150280-0082,150280-0090,150280-0104
160280-0004,160280-0012,160280-0020,160280-0039,160280-0047,160280-0055,160280-0063,160280-0071,160280-0098,160280-0101
170280-0001,170280-0028,170280-0036,170280-0044,170280-0052,170280-0060,170280-0079,170280-0087,170280-0095,170280-0109
180280-0009,180280-0017,180280-0025,180280-0033,180280-0041,180280-0068,180280-0076,180280-0084,180280-0092,180280-0106
190280-0006,190280-0014,190280-0022,190280-0030,190280-0049,190280-0057,190280-0065,190280-0073,190280-0081,190280-0103
200280-0007,200280-0015,200280-0023,200280-0031,200280-0058,200280-0066,200280-0074,200280-0082,200280-0090,200280-0104
210280-0004,210280-0012,210280-0020,210280-0039,210280-0047,210280-0055,210280-0063,210280-0071,210280-0098,210280-0101
220280-0001,220280-0028,220280-0036,220280-0044,220280-0052,220280-0060,220280-0079,220280-0087,220280-0095,220280-0109
230280-0009,230280-0017,230280-0025,230280-0033,230280-0041,230280-0068,230280-0076,230280-0084,230280-0092,230280-0106
240280-0006,240280-0014,240280-0022,240280-0030,240280-0049,240280-0057,240280-0065,240280-0073,240280-0081,240280-0103
250280-0003,250280-0011,250280-0038,250280-0046,250280-0054,250280-0062,250280-0070,250280-0089,250280-0097,250280-0100
260280-0000,260280-0019,260280-0027,260280-0035,260280-0043,260280-0051,260280-0078,260280-0086,260280-0094,260280-0108
270280-0008,270280-0016,270280-0024,270280-0032,270280-0040,270280-0059,270280-0067,270280-0075,270280-0083,270280-0091
280280-0005,280280-0013,280280-0021,280280-0048,280280-0056,280280-0064,280280-0072,280280-0080,280280-0099,280280-0102
290280-0002,290280-0010,290280-0029,290280-0037,290280-0045,290280-0053,290280-0061,290280-0088,290280-0096,290280-0118
010380-0005,010380-0013,010380-0021,010380-0048,010380-0056,010380-0064,010380-0072,010380-0080,010380-0099,010380-0102
020380-0002,020380-0010,020380-0029,020380-0037,020380-0045,020380-0053,020380-0061,020380-0088,020380-0096,020380-0118
030380-0018,030380-0026,030380-0034,030380-0042,030380-0050,030380-0069,030380-0077,030380-0085,030380-0093,030380-0107
040380-0007,040380-0015,040380-0023,040380-0031,040380-0058,040380-0066,040380-0074,040380-0082,040380-0090,040380-0104
050380-0004,050380-0012,050380-0020,050380-0039,050380-0047,050380-0055,050380-0063,050380-0071,050380-0098,050380-0101
060380-0001,060380-0028,060380-0036,060380-0044,060380-0052,060380-0060,060380-0079,060380-0087,060380-0095,060380-0109
070380-0009,070380-0017,070380-0025,070380-0033,070380-0041,070380-0068,070380-0076,070380-0084,070380-0092,070380-0106
080380-0006,080380-0014,080380-0022,080380-0030,080380-0049,080380-0057,080380-0065,080380-0073,080380-0081,080380-0103
090380-0003,090380-0011,090380-0038,090380-0046,090380-0054,090380-0062,090380-0070,090380-0089,090380-0097,090380-0100
100380-0004,100380-0012,100380-0020,100380-0039,100380-0047,100380-0055,100380-0063,100380-0071,100380-0098,100380-0101
110380-0001,110380-0028,110380-0036,110380-0044,110380-0052,110380-0060,110380-0079,110380-0087,110380-0095,110380-0109
120380-0009,120380-0017,120380-0025,120380-0033,120380-0041,120380-0068,120380-0076,120380-0084,120380-0092,120380-0106
130380-0006,130380-0014,130380-0022,130380-0030,130380-0049,130380-0057,130380-0065,130380-0073,130380-0081,130380-0103
140380-0003,140380-0011,140380-0038,140380-0046,140380-0054,140380-0062,140380-0070,140380-0089,140380-0097,140380-0100
150380-0000,150380-0019,150380-0027,150380-0035,150380-0043,150380-0051,150380-0078,150380-0086,150380-0094,150380-0108
160380-0008,160380-0016,160380-0024,160380-0032,160380-0040,160380-0059,160380-0067,160380-0075,160380-0083,160380-0091
170380-0005,170380-0013,170380-0021,170380-0048,170380-0056,170380-0064,170380-0072,170380-0080,170380-0099,170380-0102
180380-0002,180380-0010,180380-0029,180380-0037,180380-0045,180380-0053,180380-0061,180380-0088,180380-0096,180380-0118
190380-0018,190380-0026,190380-0034,190380-0042,190380-0050,190380-0069,190380-0077,190380-0085,190380-0093,190380-0107
200380-0000,200380-0019,200380-0027,200380-0035,200380-0043,200380-0051,200380-0078,200380-0086,200380-0094,200380-0108
210380-0008,210380-0016,210380-0024,210380-0032,210380-0040,210380-0059,210380-0067,210380-0075,210380-0083,210380-0091
220380-0005,220380-0013,220380-0021,220380-0048,220380-0056,220380-0064,220380-0072,220380-0080,220380-0099,220380-0102
230380-0002,230380-0010,230380-0029,230380-0037,230380-0045,230380-0053,230380-0061,230380-0088,230380-0096,230380-0118
240380-0018,240380-0026,240380-0034,240380-0042,240380-0050,240380-0069,240380-0077,240380-0085,240380-0093,240380-0107
250380-0007,250380-0015,250380-0023,250380-0031,250380-0058,250380-0066,250380-0074,250380-0082,250380-0090,250380-0104
260380-0004,260380-0012,260380-0020,260380-0039,260380-0047,260380-0055,260380-0063,260380-0071,260380-0098,260380-0101
270380-0001,270380-0028,270380-0036,270380-0044,270380-0052,270380-0060,270380-0079,270380-0087,270380-0095,270380-0109
280380-0009,280380-0017,280380-0025,280380-0033,280380-0041,280380-0068,280380-0076,280380-0084,280380-0092,280380-0106
290380-0006,290380-0014,290380-0022,290380-0030,290380-0049,290380-0057,290380-0065,290380-0073,290380-0081,290380-0103
300380-0007,300380-0015,300380-0023,300380-0031,300380-0058,300380-0066,300380-0074,300380-0082,300380-0090,300380-0104
310380-0004,310380-0012,310380-0020,310380-0039,310380-0047,310380-0055,310380-0063,310380-0071,310380-0098,310380-0101
010480-0009,010480-0017,010480-0025,010480-0033,010480-0041,010480-0068,010480-0076,010480-0084,010480-0092,010480-0106
020480-0006,020480-0014,020480-0022,020480-0030,020480-0049,020480-0057,020480-0065,020480-0073,020480-0081,020480-0103
030480-0003,030480-0011,030480-0038,030480-0046,030480-0054,030480-0062,030480-0070,030480-0089,030480-0097,030480-0100
040480-0000,040480-0019,040480-0027,040480-0035,040480-0043,040480-0051,040480-0078,040480-0086,040480-0094,040480-0108
050480-0008,050480-0016,050480-0024,050480-0032,050480-0040,050480-0059,050480-0067,050480-0075,050480-0083,050480-0091
060480-0005,060480-0013,060480-0021,060480-0048,060480-0056,060480-0064,060480-0072,060480-0080,060480-0099,060480-0102
070480-0002,070480-0010,070480-0029,070480-0037,070480-0045,070480-0053,070480-0061,070480-0088,070480-0096,070480-0118
080480-0018,080480-0026,080480-0034,080480-0042,080480-0050,080480-0069,080480-0077,080480-0085,080480-0093,080480-0107
090480-0007,090480-0015,090480-0023,090480-0031,090480-0058,090480-0066,090480-0074,090480-0082,090480-0090,090480-0104
100480-0008,100480-0016,100480-0024,100480-0032,100480-0040,100480-0059,100480-0067,100480-0075,100480-0083,100480-0091
110480-0005,110480-0013,110480-0021,110480-0048,110480-0056,110480-0064,110480-0072,110480-0080,110480-0099,110480-0102
120480-0002,120480-0010,120480-0029,120480-0037,120480-0045,120480-0053,120480-0061,120480-0088,120480-0096,120480-0118
130480-0018,130480-0026,130480-0034,130480-0042,130480-0050,130480-0069,130480-0077,130480-0085,130480-0093,130480-0107
140480-0007,140480-0015,140480-0023,140480-0031,140480-0058,140480-0066,140480-0074,140480-0082,140480-0090,140480-0104
150480-0004,150480-0012,150480-0020,150480-0039,150480-0047,150480-0055,150480-0063,150480-0071,150480-0098,150480-0101
160480-0001,160480-0028,160480-0036,160480-0044,160480-0052,160480-0060,160480-0079,160480-0087,160480-0095,160480-0109
170480-0009,170480-0017,170480-0025,170480-0033,170480-0041,170480-0068,170480-0076,170480-0084,170480-0092,170480-0106
180480-0006,180480-0014,180480-0022,180480-0030,180480-0049,180480-0057,180480-0065,180480-0073,180480-0081,180480-0103
190480-0003,190480-0011,190480-0038,190480-0046,190480-0054,190480-0062,190480-0070,190480-0089,190480-0097,190480-0100
200480-0004,200480-0012,200480-0020,200480-0039,200480-0047,200480-0055,200480-0063,200480-0071,200480-0098,200480-0101
210480-0001,210480-0028,210480-0036,210480-0044,210480-0052,210480-0060,210480-0079,210480-0087,210480-0095,210480-0109
220480-0009,220480-0017,220480-0025,220480-0033,220480-0041,220480-0068,220480-0076,220480-0084,220480-0092,220480-0106
230480-0006,230480-0014,230480-0022,230480-0030,230480-0049,230480-0057,230480-0065,230480-0073,230480-0081,230480-0103
240480-0003,240480-0011,240480-0038,240480-0046,240480-0054,240480-0062,240480-0070,240480-0089,240480-0097,240480-0100
250480-0000,250480-0019,250480-0027,250480-0035,250480-0043,250480-0051,250480-0078,250480-0086,250480-0094,250480-0108
260480-0008,260480-0016,260480-0024,260480-0032,260480-0040,260480-0059,260480-0067,260480-0075,260480-0083,260480-0091
270480-0005,270480-0013,270480-0021,270480-0048,270480-0056,270480-0064,270480-0072,270480-0080,270480-0099,270480-0102
280480-0002,280480-0010,280480-0029,280480-0037,280480-0045,280480-0053,280480-0061,280480-0088,280480-0096,280480-0118
290480-0018,290480-0026,290480-0034,290480-0042,290480-0050,290480-0069,290480-0077,290480-0085,290480-0093,290480-0107
300480-0000,300480-0019,300480-0027,300480-0035,300480-0043,300480-0051,300480-0078,300480-0086,300480-0094,300480-0108
010580-0002,010580-0010,010580-0029,010580-0037,010580-0045,010580-0053,010580-0061,010580-0088,010580-0096,010580-0118
020580-0018,020580-0026,020580-0034,020580-0042,020580-0050,020580-0069,020580-0077,020580-0085,020580-0093,020580-0107
030580-0007,030580-0015,030580-0023,030580-0031,030580-0058,030580-0066,030580-0074,030580-0082,030580-0090,030580-0104
040580-0004,040580-0012,040580-0020,040580-0039,040580-0047,040580-0055,040580-0063,040580-0071,040580-0098,040580-0101
050580-0001,050580-0028,050580-0036,050580-0044,050580-0052,050580-0060,050580-0079,050580-0087,050580-0095,050580-0109
060580-0009,060580-0017,060580-0025,060580-0033,060580-0041,060580-0068,060580-0076,060580-0084,060580-0092,060580-0106
070580-0006,070580-0014,070580-0022,070580-0030,070580-0049,070580-0057,070580-0065,070580-0073,070580-0081,070580-0103
080580-0003,080580-0011,080580-0038,080580-0046,080580-0054,080580-0062,080580-0070,080580-0089,080580-0097,080580-0100
090580-0000,090580-0019,090580-0027,090580-0035,090580-0043,090580-0051,090580-0078,090580-0086,090580-0094,090580-0108
100580-0001,100580-0028,100580-0036,100580-0044,100580-0052,100580-0060,100580-0079,100580-0087,100580-0095,100580-0109
110580-0009,110580-0017,110580-0025,110580-0033,110580-0041,110580-0068,110580-0076,110580-0084,110580-0092,110580-0106
120580-0006,120580-0014,120580-0022,120580-0030,120580-0049,120580-0057,120580-0065,120580-0073,120580-0081,120580-0103
130580-0003,130580-0011,130580-0038,130580-0046,130580-0054,130580-0062,130580-0070,130580-0089,130580-0097,130580-0100
140580-0000,140580-0019,140580-0027,140580-0035,140580-0043,140580-0051,140580-0078,140580-0086,140580-0094,140580-0108
150580-0008,150580-0016,150580-0024,150580-0032,150580-0040,150580-0059,150580-0067,150580-0075,150580-0083,150580-0091
160580-0005,160580-0013,160580-0021,160580-0048,160580-0056,160580-0064,160580-0072,160580-0080,160580-0099,160580-0102
170580-0002,170580-0010,170580-0029,170580-0037,170580-0045,170580-0053,170580-0061,170580-0088,170580-0096,170580-0118
180580-0018,180580-0026,180580-0034,180580-0042,180580-0050,180580-0069,180580-0077,180580-0085,180580-0093,180580-0107
190580-0007,190580-0015,190580-0023,190580-0031,190580-0058,190580-0066,190580-0074,190580-0082,190580-0090,190580-0104
200580-0008,200580-0016,200580-0024,200580-0032,200580-0040,200580-0059,200580-0067,200580-0075,200580-0083,200580-0091
210580-0005,210580-0013,210580-0021,210580-0048,210580-0056,210580-0064,210580-0072,210580-0080,210580-0099,210580-0102
220580-0002,220580-0010,220580-0029,220580-0037,220580-0045,220580-0053,220580-0061,220580-0088,220580-0096,220580-0118
230580-0018,230580-0026,230580-0034,230580-0042,230580-0050,230580-0069,230580-0077,230580-0085,230580-0093,230580-0107
240580-0007,240580-0015,240580-0023,240580-0031,240580-0058,240580-0066,240580-0074,240580-0082,240580-0090,240580-0104
250580-0004,250580-0012,250580-0020,250580-0039,250580-0047,250580-0055,250580-0063,250580-0071,250580-0098,250580-0101
260580-0001,260580-0028,260580-0036,260580-0044,260580-0052,260580-0060,260580-0079,260580-0087,260580-0095,260580-0109
270580-0009,270580-0017,270580-0025,270580-0033,270580-0041,270580-0068,270580-0076,270580-0084,270580-0092,270580-0106
280580-0006,280580-0014,280580-0022,280580-0030,280580-0049,280580-0057,280580-0065,280580-0073,280580-0081,280580-0103
290580-0003,290580-0011,290580-0038,290580-0046,290580-0054,290580-0062,290580-0070,290580-0089,290580-0097,290580-0100
300580-0004,300580-0012,300580-0020,300580-0039,300580-0047,300580-0055,300580-0063,300580-0071,300580-0098,300580-0101
310580-0001,310580-0028,310580-0036,310580-0044,310580-0052,310580-0060,310580-0079,310580-0087,310580-0095,310580-0109
010680-0006,010680-0014,010680-0022,010680-0030,010680-0049,010680-0057,010680-0065,010680-0073,010680-0081,010680-0103
020680-0003,020680-0011,020680-0038,020680-0046,020680-0054,020680-0062,020680-0070,020680-0089,020680-0097,020680-0100
030680-0000,030680-0019,030680-0027,030680-0035,030680-0043,030680-0051,030680-0078,030680-0086,030680-0094,030680-0108
040680-0008,040680-0016,040680-0024,040680-0032,040680-0040,040680-0059,040680-0067,040680-0075,040680-0083,040680-0091
050680-0005,050680-0013,050680-0021,050680-0048,050680-0056,050680-0064,050680-0072,050680-0080,050680-0099,050680-0102
060680-0002,060680-0010,060680-0029,060680-0037,060680-0045,060680-0053,060680-0061,060680-0088,060680-0096,060680-0118
070680-0018,070680-0026,070680-0034,070680-0042,070680-0050,070680-0069,070680-0077,070680-0085,070680-0093,070680-0107
080680-0007,080680-0015,080680-0023,080680-0031,080680-0058,080680-0066,080680-0074,080680-0082,080680-0090,080680-0104
090680-0004,090680-0012,090680-0020,090680-0039,090680-0047,090680-0055,090680-0063,090680-0071,090680-0098,090680-0101
100680-0005,100680-0013,100680-0021,100680-0048,100680-0056,100680-0064,100680-0072,100680-0080,100680-0099,100680-0102
110680-0002,110680-0010,110680-0029,110680-0037,110680-0045,110680-0053,110680-0061,110680-0088,110680-0096,110680-0118
120680-0018,120680-0026,120680-0034,120680-0042,120680-0050,120680-0069,120680-0077,120680-0085,120680-0093,120680-0107
130680-0007,130680-0015,130680-0023,130680-0031,130680-0058,130680-0066,130680-0074,130680-0082,130680-0090,130680-0104
140680-0004,140680-0012,140680-0020,140680-0039,140680-0047,140680-0055,140680-0063,140680-0071,140680-0098,140680-0101
150680-0001,150680-0028,150680-0036,150680-0044,150680-0052,150680-0060,150680-0079,150680-0087,150680-0095,150680-0109
160680-0009,160680-0017,160680-0025,160680-0033,160680-0041,160680-0068,160680-0076,160680-0084,160680-0092,160680-0106
170680-0006,170680-0014,170680-0022,170680-0030,170680-0049,170680-0057,170680-0065,170680-0073,170680-0081,170680-0103
180680-0003,180680-0011,180680-0038,180680-0046,180680-0054,180680-0062,180680-0070,180680-0089,180680-0097,180680-0100
190680-0000,190680-0019,190680-0027,190680-0035,190680-0043,190680-0051,190680-0078,190680-0086,190680-0094,190680-0108
200680-0001,200680-0028,200680-0036,200680-0044,200680-0052,200680-0060,200680-0079,200680-0087,200680-0095,200680-0109
210680-0009,210680-0017,210680-0025,210680-0033,210680-0041,210680-0068,210680-0076,210680-0084,210680-0092,210680-0106
220680-0006,220680-0014,220680-0022,220680-0030,220680-0049,220680-0057,220680-0065,220680-0073,220680-0081,220680-0103
230680-0003,230680-0011,230680-0038,230680-0046,230680-0054,230680-0062,230680-0070,230680-0089,230680-0097,230680-0100
240680-0000,240680-0019,240680-0027,240680-0035,240680-0043,240680-0051,240680-0078,240680-0086,240680-0094,240680-0108
250680-0008,250680-0016,250680-0024,250680-0032,250680-0040,250680-0059,250680-0067,250680-0075,250680-0083,250680-0091
260680-0005,260680-0013,260680-0021,260680-0048,260680-0056,260680-0064,260680-0072,260680-0080,260680-0099,260680-0102
270680-0002,270680-0010,270680-0029,270680-0037,270680-0045,270680-0053,270680-0061,270680-0088,270680-0096,270680-0118
280680-0018,280680-0026,280680-0034,280680-0042,280680-0050,280680-0069,280680-0077,280680-0085,280680-0093,280680-0107
290680-0007,290680-0015,290680-0023,290680-0031,290680-0058,290680-0066,290680-0074,290680-0082,290680-0090,290680-0104
300680-0008,300680-0016,300680-0024,300680-0032,300680-0040,300680-0059,300680-0067,300680-0075,300680-0083,300680-0091
010780-0018,010780-0026,010780-0034,010780-0042,010780-0050,010780-0069,010780-0077,010780-0085,010780-0093,010780-0107
020780-0007,020780-0015,020780-0023,020780-0031,020780-0058,020780-0066,020780-0074,020780-0082,020780-0090,020780-0104
030780-0004,030780-0012,030780-0020,030780-0039,030780-0047,030780-0055,030780-0063,030780-0071,030780-0098,030780-0101
040780-0001,040780-0028,040780-0036,040780-0044,040780-0052,040780-0060,040780-0079,040780-0087,040780-0095,040780-0109
050780-0009,050780-0017,050780-0025,050780-0033,050780-0041,050780-0068,050780-0076,050780-0084,050780-0092,050780-0106
060780-0006,060780-0014,060780-0022,060780-0030,060780-0049,060780-0057,060780-0065,060780-0073,060780-0081,060780-0103
070780-0003,070780-0011,070780-0038,070780-0046,070780-0054,070780-0062,070780-0070,070780-0089,070780-0097,070780-0100
080780-0000,080780-0019,080780-0027,080780-0035,080780-0043,080780-0051,080780-0078,080780-0086,080780-0094,080780-0108
090780-0008,090780-0016,090780-0024,090780-0032,090780-0040,090780-0059,090780-0067,090780-0075,090780-0083,090780-0091
100780-0009,100780-0017,100780-0025,100780-0033,100780-0041,100780-0068,100780-0076,100780-0084,100780-0092,100780-0106
110780-0006,110780-0014,110780-0022,110780-0030,110780-0049,110780-0057,110780-0065,110780-0073,110780-0081,110780-0103
120780-0003,120780-0011,120780-0038,120780-0046,120780-0054,120780-0062,120780-0070,120780-0089,120780-0097,120780-0100
130780-0000,130780-0019,130780-0027,130780-0035,130780-0043,130780-0051,130780-0078,130780-0086,130780-0094,130780-0108
140780-0008,140780-0016,140780-0024,140780-0032,140780-0040,140780-0059,140780-0067,140780-0075,140780-0083,140780-0091
150780-0005,150780-0013,150780-0021,150780-0048,150780-0056,150780-0064,150780-0072,150780-0080,150780-0099,150780-0102
160780-0002,160780-0010,160780-0029,160780-0037,160780-0045,160780-0053,160780-0061,160780-0088,160780-0096,160780-0118
170780-0018,170780-0026,170780-0034,170780-0042,170780-0050,170780-0069,170780-0077,170780-0085,170780-0093,170780-0107
180780-0007,180780-0015,180780-0023,180780-0031,180780-0058,180780-0066,180780-0074,180780-0082,180780-0090,180780-0104
190780-0004,190780-0012,190780-0020,190780-0039,190780-0047,190780-0055,190780-0063,190780-0071,190780-0098,190780-0101
200780-0005,200780-0013,200780-0021,200780-0048,200780-0056,200780-0064,200780-0072,200780-0080,200780-0099,200780-0102
210780-0002,210780-0010,210780-0029,210780-0037,210780-0045,210780-0053,210780-0061,210780-0088,210780-0096,210780-0118
220780-0018,220780-0026,220780-0034,220780-0042,220780-0050,220780-0069,220780-0077,220780-0085,220780-0093,220780-0107
230780-0007,230780-0015,230780-0023,230780-0031,230780-0058,230780-0066,230780-0074,230780-0082,230780-0090,230780-0104
240780-0004,240780-0012,240780-0020,240780-0039,240780-0047,240780-0055,240780-0063,240780-0071,240780-0098,240780-0101
250780-0001,250780-0028,250780-0036,250780-0044,250780-0052,250780-0060,250780-0079,250780-0087,250780-0095,250780-0109
260780-0009,260780-0017,260780-0025,260780-0033,260780-0041,260780-0068,260780-0076,260780-0084,260780-0092,260780-0106
270780-0006,270780-0014,270780-0022,270780-0030,270780-0049,270780-0057,270780-0065,270780-0073,270780-0081,270780-0103
280780-0003,280780-0011,280780-0038,280780-0046,280780-0054,280780-0062,280780-0070,280780-0089,280780-0097,280780-0100
290780-0000,290780-0019,290780-0027,290780-0035,290780-0043,290780-0051,290780-0078,290780-0086,290780-0094,290780-0108
300780-0001,300780-0028,300780-0036,300780-0044,300780-0052,300780-0060,300780-0079,300780-0087,300780-0095,300780-0109
310780-0009,310780-0017,310780-0025,310780-0033,310780-0041,310780-0068,310780-0076,310780-0084,310780-0092,310780-0106
010880-0003,010880-0011,010880-0038,010880-0046,010880-0054,010880-0062,010880-0070,010880-0089,010880-0097,010880-0100
020880-0000,020880-0019,020880-0027,020880-0035,020880-0043,020880-0051,020880-0078,020880-0086,020880-0094,020880-0108
030880-0008,030880-0016,030880-0024,030880-0032,030880-0040,030880-0059,030880-0067,030880-0075,030880-0083,030880-0091
040880-0005,040880-0013,040880-0021,040880-0048,040880-0056,040880-0064,040880-0072,040880-0080,040880-0099,040880-0102
050880-0002,050880-0010,050880-0029,050880-0037,050880-0045,050880-0053,050880-0061,050880-0088,050880-0096,050880-0118
060880-0018,060880-0026,060880-0034,060880-0042,060880-0050,060880-0069,060880-0077,060880-0085,060880-0093,060880-0107
070880-0007,070880-0015,070880-0023,070880-0031,070880-0058,070880-0066,070880-0074,070880-0082,070880-0090,070880-0104
080880-0004,080880-0012,080880-0020,080880-0039,080880-0047,080880-0055,080880-0063,080880-0071,080880-0098,080880-0101
090880-0001,090880-0028,090880-0036,090880-0044,090880-0052,090880-0060,090880-0079,090880-0087,090880-0095,090880-0109
100880-0002,100880-0010,100880-0029,100880-0037,100880-0045,100880-0053,100880-0061,100880-0088,100880-0096,100880-0118
110880-0018,110880-0026,110880-0034,110880-0042,110880-0050,110880-0069,110880-0077,110880-0085,110880-0093,110880-0107
120880-0007,120880-0015,120880-0023,120880-0031,120880-0058,120880-0066,120880-0074,120880-0082,120880-0090,120880-0104
130880-0004,130880-0012,130880-0020,130880-0039,130880-0047,130880-0055,130880-0063,130880-0071,130880-0098,130880-0101
140880-0001,140880-0028,140880-0036,140880-0044,140880-0052,140880-0060,140880-0079,140880-0087,140880-0095,140880-0109
150880-0009,150880-0017,150880-0025,150880-0033,150880-0041,150880-0068,150880-0076,150880-0084,150880-0092,150880-0106
160880-0006,160880-0014,160880-0022,160880-0030,160880-0049,160880-0057,160880-0065,160880-0073,160880-0081,160880-0103
170880-0003,170880-0011,170880-0038,170880-0046,170880-0054,170880-0062,170880-0070,170880-0089,170880-0097,170880-0100
180880-0000,180880-0019,180880-0027,180880-0035,180880-0043,180880-0051,180880-0078,180880-0086,180880-0094,180880-0108
190880-0008,190880-0016,190880-0024,190880-0032,190880-0040,190880-0059,190880-0067,190880-0075,190880-0083,190880-0091
200880-0009,200880-0017,200880-0025,200880-0033,200880-0041,200880-0068,200880-0076,200880-0084,200880-0092,200880-0106
210880-0006,210880-0014,210880-0022,210880-0030,210880-0049,210880-0057,210880-0065,210880-0073,210880-0081,210880-0103
220880-0003,220880-0011,220880-0038,220880-0046,220880-0054,220880-0062,220880-0070,220880-0089,220880-0097,220880-0100
230880-0000,230880-0019,230880-0027,230880-0035,230880-0043,230880-0051,230880-0078,230880-0086,230880-0094,230880-0108
240880-0008,240880-0016,240880-0024,240880-0032,240880-0040,240880-0059,240880-0067,240880-0075,240880-0083,240880-0091
250880-0005,250880-0013,250880-0021,250880-0048,250880-0056,250880-0064,250880-0072,250880-0080,250880-0099,250880-0102
260880-0002,260880-0010,260880-0029,260880-0037,260880-0045,260880-0053,260880-0061,260880-0088,260880-0096,260880-0118
270880-0018,270880-0026,270880-0034,270880-0042,270880-0050,270880-0069,270880-0077,270880-0085,270880-0093,270880-0107
280880-0007,280880-0015,280880-0023,280880-0031,280880-0058,280880-0066,280880-0074,280880-0082,280880-0090,280880-0104
290880-0004,290880-0012,290880-0020,290880-0039,290880-0047,290880-0055,290880-0063,290880-0071,290880-0098,290880-0101
300880-0005,300880-0013,300880-0021,300880-0048,300880-0056,300880-0064,300880-0072,300880-0080,300880-0099,300880-0102
310880-0002,310880-0010,310880-0029,310880-0037,310880-0045,310880-0053,310880-0061,310880-0088,310880-0096,310880-0118
010980-0007,010980-0015,010980-0023,010980-0031,010980-0058,010980-0066,010980-0074,010980-0082,010980-0090,010980-0104
020980-0004,020980-0012,020980-0020,020980-0039,020980-0047,020980-0055,020980-0063,020980-0071,020980-0098,020980-0101
030980-0001,030980-0028,030980-0036,030980-0044,030980-0052,030980-0060,030980-0079,030980-0087,030980-0095,030980-0109
040980-0009,040980-0017,040980-0025,040980-0033,040980-0041,040980-0068,040980-0076,040980-0084,040980-0092,040980-0106
050980-0006,050980-0014,050980-0022,050980-0030,050980-0049,050980-0057,050980-0065,050980-0073,050980-0081,050980-0103
060980-0003,060980-0011,060980-0038,060980-0046,060980-0054,060980-0062,060980-0070,060980-0089,060980-0097,060980-0100
070980-0000,070980-0019,070980-0027,070980-0035,070980-0043,070980-0051,070980-0078,070980-0086,070980-0094,070980-0108
080980-0008,080980-0016,080980-0024,080980-0032,080980-0040,080980-0059,080980-0067,080980-0075,080980-0083,080980-0091
090980-0005,090980-0013,090980-0021,090980-0048,090980-0056,090980-0064,090980-0072,090980-0080,090980-0099,090980-0102
100980-0006,100980-0014,100980-0022,100980-0030,100980-0049,100980-0057,100980-0065,100980-0073,100980-0081,100980-0103
110980-0003,110980-0011,110980-0038,110980-0046,110980-0054,110980-0062,110980-0070,110980-0089,110980-0097,110980-0100
120980-0000,120980-0019,120980-0027,120980-0035,120980-0043,120980-0051,120980-0078,120980-0086,120980-0094,120980-0108
130980-0008,130980-0016,130980-0024,130980-0032,130980-0040,130980-0059,130980-0067,130980-0075,130980-0083,130980-0091
140980-0005,140980-0013,140980-0021,140980-0048,140980-0056,140980-0064,140980-0072,140980-0080,140980-0099,140980-0102
150980-0002,150980-0010,150980-0029,150980-0037,150980-0045,150980-0053,150980-0061,150980-0088,150980-0096,150980-0118
160980-0018,160980-0026,160980-0034,160980-0042,160980-0050,160980-0069,160980-0077,160980-0085,160980-0093,160980-0107
170980-0007,170980-0015,170980-0023,170980-0031,170980-0058,170980-0066,170980-0074,170980-0082,170980-0090,170980-0104
180980-0004,180980-0012,180980-0020,180980-0039,180980-0047,180980-0055,180980-0063,180980-0071,180980-0098,180980-0101
190980-0001,190980-0028,190980-0036,190980-0044,190980-0052,190980-0060,190980-0079,190980-0087,190980-0095,190980-0109
200980-0002,200980-0010,200980-0029,200980-0037,200980-0045,200980-0053,200980-0061,200980-0088,200980-0096,200980-0118
210980-0018,210980-0026,210980-0034,210980-0042,210980-0050,210980-0069,210980-0077,210980-0085,210980-0093,210980-0107
220980-0007,220980-0015,220980-0023,220980-0031,220980-0058,220980-0066,220980-0074,220980-0082,220980-0090,220980-0104
230980-0004,230980-0012,230980-0020,230980-0039,230980-0047,230980-0055,230980-0063,230980-0071,230980-0098,230980-0101
240980-0001,240980-0028,240980-0036,240980-0044,240980-0052,240980-0060,240980-0079,240980-0087,240980-0095,240980-0109
250980-0009,250980-0017,250980-0025,250980-0033,250980-0041,250980-0068,250980-0076,250980-0084,250980-0092,250980-0106
260980-0006,260980-0014,260980-0022,260980-0030,260980-0049,260980-0057,260980-0065,260980-0073,260980-0081,260980-0103
270980-0003,270980-0011,270980-0038,270980-0046,270980-0054,270980-0062,270980-0070,270980-0089,270980-0097,270980-0100
280980-0000,280980-0019,280980-0027,280980-0035,280980-0043,280980-0051,280980-0078,280980-0086,280980-0094,280980-0108
290980-0008,290980-0016,290980-0024,290980-0032,290980-0040,290980-0059,290980-0067,290980-0075,290980-0083,290980-0091
300980-0009,300980-0017,300980-0025,300980-0033,300980-0041,300980-0068,300980-0076,300980-0084,300980-0092,300980-0106
011080-0002,011080-0010,011080-0029,011080-0037,011080-0045,011080-0053,011080-0061,011080-0088,011080-0096,011080-0118
021080-0018,021080-0026,021080-0034,021080-0042,021080-0050,021080-0069,021080-0077,021080-0085,021080-0093,021080-0107
031080-0007,031080-0015,031080-0023,031080-0031,031080-0058,031080-0066,031080-0074,031080-0082,031080-0090,031080-0104
041080-0004,041080-0012,041080-0020,041080-0039,041080-0047,041080-0055,041080-0063,041080-0071,041080-0098,041080-0101
051080-0001,051080-0028,051080-0036,051080-0044,051080-0052,051080-0060,051080-0079,051080-0087,051080-0095,051080-0109
061080-0009,061080-0017,061080-0025,061080-0033,061080-0041,061080-0068,061080-0076,061080-0084,061080-0092,061080-0106
071080-0006,071080-0014,071080-0022,071080-0030,071080-0049,071080-0057,071080-0065,071080-0073,071080-0081,071080-0103
081080-0003,081080-0011,081080-0038,081080-0046,081080-0054,081080-0062,081080-0070,081080-0089,081080-0097,081080-0100
091080-0000,091080-0019,091080-0027,091080-0035,091080-0043,091080-0051,091080-0078,091080-0086,091080-0094,091080-0108
101080-0001,101080-0028,101080-0036,101080-0044,101080-0052,101080-0060,101080-0079,101080-0087,101080-0095,101080-0109
111080-0009,111080-0017,111080-0025,111080-0033,111080-0041,111080-0068,111080-0076,111080-0084,111080-0092,111080-0106
121080-0006,121080-0014,121080-0022,121080-0030,121080-0049,121080-0057,121080-0065,121080-0073,121080-0081,121080-0103
131080-0003,131080-0011,131080-0038,131080-0046,131080-0054,131080-0062,131080-0070,131080-0089,131080-0097,131080-0100
141080-0000,141080-0019,141080-0027,141080-0035,141080-0043,141080-0051,141080-0078,141080-0086,141080-0094,141080-0108
151080-0008,151080-0016,151080-0024,151080-0032,151080-0040,151080-0059,151080-0067,151080-0075,151080-0083,151080-0091
161080-0005,161080-0013,161080-0021,161080-0048,161080-0056,161080-0064,161080-0072,161080-0080,161080-0099,161080-0102
171080-0002,171080-0010,171080-0029,171080-0037,171080-0045,171080-0053,171080-0061,171080-0088,171080-0096,171080-0118
181080-0018,181080-0026,181080-0034,181080-0042,181080-0050,181080-0069,181080-0077,181080-0085,181080-0093,181080-0107
191080-0007,191080-0015,191080-0023,191080-0031,191080-0058,191080-0066,191080-0074,191080-0082,191080-0090,191080-0104
201080-0008,201080-0016,201080-0024,201080-0032,201080-0040,201080-0059,201080-0067,201080-0075,201080-0083,201080-0091
211080-0005,211080-0013,211080-0021,211080-0048,211080-0056,211080-0064,211080-0072,211080-0080,211080-0099,211080-0102
221080-0002,221080-0010,221080-0029,221080-0037,221080-0045,221080-0053,221080-0061,221080-0088,221080-0096,221080-0118
231080-0018,231080-0026,231080-0034,231080-0042,231080-0050,231080-0069,231080-0077,231080-0085,231080-0093,231080-0107
241080-0007,241080-0015,241080-0023,241080-0031,241080-0058,241080-0066,241080-0074,241080-0082,241080-0090,241080-0104
251080-0004,251080-0012,251080-0020,251080-0039,251080-0047,251080-0055,251080-0063,251080-0071,251080-0098,251080-0101
261080-0001,261080-0028,261080-0036,261080-0044,261080-0052,261080-0060,261080-0079,261080-0087,261080-0095,261080-0109
271080-0009,271080-0017,271080-0025,271080-0033,271080-0041,271080-0068,271080-0076,271080-0084,271080-0092,271080-0106
281080-0006,281080-0014,281080-0022,281080-0030,281080-0049,281080-0057,281080-0065,281080-0073,281080-0081,281080-0103
291080-0003,291080-0011,291080-0038,291080-0046,291080-0054,291080-0062,291080-0070,291080-0089,291080-0097,291080-0100
301080-0004,301080-0012,301080-0020,301080-0039,301080-0047,301080-0055,301080-0063,301080-0071,301080-0098,301080-0101
311080-0001,311080-0028,311080-0036,311080-0044,311080-0052,311080-0060,311080-0079,311080-0087,311080-0095,311080-0109
011180-0006,011180-0014,011180-0022,011180-0030,011180-0049,011180-0057,011180-0065,011180-0073,011180-0081,011180-0103
021180-0003,021180-0011,021180-0038,021180-0046,021180-0054,021180-0062,021180-0070,021180-0089,021180-0097,021180-0100
031180-0000,031180-0019,031180-0027,031180-0035,031180-0043,031180-0051,031180-0078,031180-0086,031180-0094,031180-0108
041180-0008,041180-0016,041180-0024,041180-0032,041180-0040,041180-0059,041180-0067,041180-0075,041180-0083,041180-0091
051180-0005,051180-0013,051180-0021,051180-0048,051180-0056,051180-0064,051180-0072,051180-0080,051180-0099,051180-0102
061180-0002,061180-0010,061180-0029,061180-0037,061180-0045,061180-0053,061180-0061,061180-0088,061180-0096,061180-0118
071180-0018,071180-0026,071180-0034,071180-0042,071180-0050,071180-0069,071180-0077,071180-0085,071180-0093,071180-0107
081180-0007,081180-0015,081180-0023,081180-0031,081180-0058,081180-0066,081180-0074,081180-0082,081180-0090,081180-0104
091180-0004,091180-0012,091180-0020,091180-0039,091180-0047,091180-0055,091180-0063,091180-0071,091180-0098,091180-0101
101180-0005,101180-0013,101180-0021,101180-0048,101180-0056,101180-0064,101180-0072,101180-0080,101180-0099,101180-0102
111180-0002,111180-0010,111180-0029,111180-0037,111180-0045,111180-0053,111180-0061,111180-0088,111180-0096,111180-0118
121180-0018,121180-0026,121180-0034,121180-0042,121180-0050,121180-0069,121180-0077,121180-0085,121180-0093,121180-0107
131180-0007,131180-0015,131180-0023,131180-0031,131180-0058,131180-0066,131180-0074,131180-0082,131180-0090,131180-0104
141180-0004,141180-0012,141180-0020,141180-0039,141180-0047,141180-0055,141180-0063,141180-0071,141180-0098,141180-0101
151180-0001,151180-0028,151180-0036,151180-0044,151180-0052,151180-0060,151180-0079,151180-0087,151180-0095,151180-0109
161180-0009,161180-0017,161180-0025,161180-0033,161180-0041,161180-0068,161180-0076,161180-0084,161180-0092,161180-0106
171180-0006,171180-0014,171180-0022,171180-0030,171180-0049,171180-0057,171180-0065,171180-0073,171180-0081,171180-0103
181180-0003,181180-0011,181180-0038,181180-0046,181180-0054,181180-0062,181180-0070,181180-0089,181180-0097,181180-0100
191180-0000,191180-0019,191180-0027,191180-0035,191180-0043,191180-0051,191180-0078,191180-0086,191180-0094,191180-0108
201180-0001,201180-0028,201180-0036,201180-0044,201180-0052,201180-0060,201180-0079,201180-0087,201180-0095,201180-0109
211180-0009,211180-0017,211180-0025,211180-0033,211180-0041,211180-0068,211180-0076,211180-0084,211180-0092,211180-0106
221180-0006,221180-0014,221180-0022,221180-0030,221180-0049,221180-0057,221180-0065,221180-0073,221180-0081,221180-0103
231180-0003,231180-0011,231180-0038,231180-0046,231180-0054,231180-0062,231180-0070,231180-0089,231180-0097,231180-0100
241180-0000,241180-0019,241180-0027,241180-0035,241180-0043,241180-0051,241180-0078,241180-0086,241180-0094,241180-0108
251180-0008,251180-0016,251180-0024,251180-0032,251180-0040,251180-0059,251180-0067,251180-0075,251180-0083,251180-0091
261180-0005,261180-0013,261180-0021,261180-0048,261180-0056,261180-0064,261180-0072,261180-0080,261180-0099,261180-0102
271180-0002,271180-0010,271180-0029,271180-0037,271180-0045,271180-0053,271180-0061,271180-0088,271180-0096,271180-0118
281180-0018,281180-0026,281180-0034,281180-0042,281180-0050,281180-0069,281180-0077,281180-0085,281180-0093,281180-0107
291180-0007,291180-0015,291180-0023,291180-0031,291180-0058,291180-0066,291180-0074,291180-0082,291180-0090,291180-0104
301180-0008,301180-0016,301180-0024,301180-0032,301180-0040,301180-0059,301180-0067,301180-0075,301180-0083,301180-0091
011280-0018,011280-0026,011280-0034,011280-0042,011280-0050,011280-0069,011280-0077,011280-0085,011280-0093,011280-0107
021280-0007,021280-0015,021280-0023,021280-0031,021280-0058,021280-0066,021280-0074,021280-0082,021280-0090,021280-0104
031280-0004,031280-0012,031280-0020,031280-0039,031280-0047,031280-0055,031280-0063,031280-0071,031280-0098,031280-0101
041280-0001,041280-0028,041280-0036,041280-0044,041280-0052,041280-0060,041280-0079,041280-0087,041280-0095,041280-0109
051280-0009,051280-0017,051280-0025,051280-0033,051280-0041,051280-0068,051280-0076,051280-0084,051280-0092,051280-0106
061280-0006,061280-0014,061280-0022,061280-0030,061280-0049,061280-0057,061280-0065,061280-0073,061280-0081,061280-0103
071280-0003,071280-0011,071280-0038,071280-0046,071280-0054,071280-0062,071280-0070,071280-0089,071280-0097,071280-0100
081280-0000,081280-0019,081280-0027,081280-0035,081280-0043,081280-0051,081280-0078,081280-0086,081280-0094,081280-0108
091280-0008,091280-0016,091280-0024,091280-0032,091280-0040,091280-0059,091280-0067,091280-0075,091280-0083,091280-0091
101280-0009,101280-0017,101280-0025,101280-0033,101280-0041,101280-0068,101280-0076,101280-0084,101280-0092,101280-0106
111280-0006,111280-0014,111280-0022,111280-0030,111280-0049,111280-0057,111280-0065,111280-0073,111280-0081,111280-0103
121280-0003,121280-0011,121280-0038,121280-0046,121280-0054,121280-0062,121280-0070,121280-0089,121280-0097,121280-0100
131280-0000,131280-0019,131280-0027,131280-0035,131280-0043,131280-0051,131280-0078,131280-0086,131280-0094,131280-0108
141280-0008,141280-0016,141280-0024,141280-0032,141280-0040,141280-0059,141280-0067,141280-0075,141280-0083,141280-0091
151280-0005,151280-0013,151280-0021,151280-0048,151280-0056,151280-0064,151280-0072,151280-0080,151280-0099,151280-0102
161280-0002,161280-0010,161280-0029,161280-0037,161280-0045,161280-0053,161280-0061,161280-0088,161280-0096,161280-0118
171280-0018,171280-0026,171280-0034,171280-0042,171280-0050,171280-0069,171280-0077,171280-0085,171280-0093,171280-0107
181280-0007,181280-0015,181280-0023,181280-0031,181280-0058,181280-0066,181280-0074,181280-0082,181280-0090,181280-0104
191280-0004,191280-0012,191280-0020,191280-0039,191280-0047,191280-0055,191280-0063,191280-0071,191280-0098,191280-0101
201280-0005,201280-0013,201280-0021,201280-0048,201280-0056,201280-0064,201280-0072,201280-0080,201280-0099,201280-0102
211280-0002,211280-0010,211280-0029,211280-0037,211280-0045,211280-0053,211280-0061,211280-0088,211280-0096,211280-0118
221280-0018,221280-0026,221280-0034,221280-0042,221280-0050,221280-0069,221280-0077,221280-0085,221280-0093,221280-0107
231280-0007,231280-0015,231280-0023,231280-0031,231280-0058,231280-0066,231280-0074,231280-0082,231280-0090,231280-0104
241280-0004,241280-0012,241280-0020,241280-0039,241280-0047,241280-0055,241280-0063,241280-0071,241280-0098,241280-0101
251280-0001,251280-0028,251280-0036,251280-0044,251280-0052,251280-0060,251280-0079,251280-0087,251280-0095,251280-0109
261280-0009,261280-0017,261280-0025,261280-0033,261280-0041,261280-0068,261280-0076,261280-0084,261280-0092,261280-0106
271280-0006,271280-0014,271280-0022,271280-0030,271280-0049,271280-0057,271280-0065,271280-0073,271280-0081,271280-0103
281280-0003,281280-0011,281280-0038,281280-0046,281280-0054,281280-0062,281280-0070,281280-0089,281280-0097,281280-0100
291280-0000,291280-0019,291280-0027,291280-0035,291280-0043,291280-0051,291280-0078,291280-0086,291280-0094,291280-0108
301280-0001,301280-0028,301280-0036,301280-0044,301280-0052,301280-0060,301280-0079,301280-0087,301280-0095,301280-0109
311280-0009,311280-0017,311280-0025,311280-0033,311280-0041,311280-0068,311280-0076,311280-0084,311280-0092,311280-0106
